Competitor,1. Question,2. Question,3. Question,Description,Notes,PM,Solutions,Website
Wrike,"Solves enterprise work management: build/connect workflows, resource plan, execute, and report; targets larger teams needing governance, intake controls, and cross-functional visibility (including product teams as a use case).","No. Primarily an enterprise work/project management platform; product management is presented as a supported team use case (templates/solutions), not the core product boundary. ","Request forms that auto-create tasks/projects/blueprints and prefill fields; robust resource planning (allocation + attributes/skills) and Gantt with dependencies; creative proofing/approvals with in-context markup; generative AI for project plans/descriptions. ","Wrike is a cloud-based, AI-powered work management and project management platform designed to streamline workflows, enhance collaboration, and increase productivity for teams of all sizes. It offers customizable dashboards, Gantt charts, task management, and, time-tracking features to help teams manage projects, resources, and reporting in real-time.","  • Not specifically focused on Product Management
  • Sells itself as a general management tool for every situation (one-solutions-fits-all kind of product)
  • ",No,"Agile Software Development, Client Services, Creative, Design, Finance, HR, IT, Legal, Marketing, Operations, Product Management, Program Management, Project Management, SEO Agencies, Strategic Planning",https://www.wrike.com/
Breeze,"Solves “simple, low-process-overhead” project management and lightweight product planning (ideas/backlog/roadmaps) for teams that want to ship without complexity; targets product teams plus cross-functional collaborators (engineering/design/stakeholders).","Yes. Explicit “product management software” positioning (idea validation, launch planning, stakeholder alignment) while keeping it usable for the broader delivery team. ","Roadmap boards designed to keep milestones tied to execution reality; calendar-first visibility via due dates; built-in “lightweight” task taxonomy (tags) for rapid organization; templates for product backlog and product development workflows; emphasis on fast onboarding and low learning curve. ","Breeze.pm is a simple, visual project management tool designed for teams to plan, track, and collaborate without unnecessary complexity. It features drag-and-drop Kanban-style project boards, task lists, time tracking, reporting, and built-in team chat. It is used by various industries, including marketers, designers, and developers.","  • Not specifically focused on Product Management
  • Sells itself as a general management tool for every situation (one-solutions-fits-all kind of product)",No,"Accountants, Attorneys, Church & community, Construction, Design, Developers, Event project management, Finance, Freelancers, HR, Managers, Marketing, Non-profits, Operations teams, Product Management, Property management, Real estate, Remote work, Sales",https://www.breeze.pm/
Pendo,"Solves product experience optimization: product analytics, in-app guidance, feedback collection, and behavioral understanding (incl. session replay); targets product teams and other digital stakeholders (product, sales, IT) trying to improve adoption and outcomes.","Yes. Built around “product analytics + in-app guides + feedback” workflows that product teams use to understand behavior and drive feature adoption, though it also explicitly serves other functions (e.g., sales/IT). ","Unified analytics + guides + session replay in one platform; AI-assisted feedback theme categorization; targeted NPS/feedback loops in-product; “Agent Mode” / natural language questioning over product data; in-app review capture workflows (e.g., request a G2 review from a user segment).","Pendo is a comprehensive product experience platform (SXM) designed to help product teams and application owners improve software experiences through data-driven insights, in-app guidance, and user feedback. It enables businesses to track user behavior, increase adoption, and gather sentiment to enhance both customer-facing products and internal tools. ","  • Not specifically focused on Product Management
  • Sells itself as a general management tool for every situation (one-solutions-fits-all kind of product)
  • But product management is included
  • Pricing plan is very detailed",No,"Enterprise, IT, Marketing, Product Management, Revenue, Salesforce, Startups",https://www.pendo.io/
Aha!,"Solves end-to-end product development management: strategy, ideation, prioritization, roadmaps, and delivery planning; targets product organizations wanting “discovery to delivery” coverage and governance.","Yes. Positioned as a product development suite with dedicated PM objects (roadmaps, ideas portal, discovery, knowledge, etc.).",Modular suite packaging (Discovery/Ideas/Roadmaps/Develop/Knowledge); idea portal for collecting and promoting customer ideas into roadmap; AI assistant embedded across the suite; “strategy to delivery” framing that encourages traceability across artifacts.,"Aha! is a leading cloud-based software company providing product development and project management tools, including Aha! Roadmaps, Aha! Ideas, and Aha! Develop. Founded in 2013 and 100% remote, it helps over 1 million product builders set strategies, capture feedback, and manage development, serving as a popular alternative to traditional project software.","  • Not specifically focused on Product Management
  • Sells itself as a general management tool for every situation (one-solutions-fits-all kind of product)",No,"Business Strategy, Engineering, IT, Marketing, Product Management, Product Operations, Program Management, Project Management, UX",https://www.aha.io/
Monday,"Solves org-wide workflow orchestration (“Work OS”): connect data/tools, automate processes, and run work across departments with dashboards and integrations; targets company-wide teams (e.g., marketing/ops/sales/IT). ","No. Designed as an all-department work platform (“supports any function and process across the org”), not specifically a PM system.",Integration/app marketplace (200+); no-code automations; AI workflow builder to design/visualize automations; exec-level dashboarding for strategy execution; “shared data layer” concept to give AI cross-work context.,"Monday.com is a cloud-based, visual Work Operating System (Work OS) designed to help teams plan, track, and manage projects, workflows, and daily tasks. It uses highly customizable, drag-and-drop boards to facilitate collaboration and automation across various departments, from marketing to HR.","  • Not specifically focused on Product Management
  • Sells itself as a general management tool for every situation (one-solutions-fits-all kind of product) 
  • One feature centered around Product-, Design-, and F&E-Teams
  • Includes agile management components",No,"Business Agility, Distribution, HR, IT, Marketing, PMO, Product Management, Project Management, R&D, Sales",https://www.monday.com/
Asana,"Solves cross-team work coordination: projects/tasks, workflow automation, and tying work to goals/reporting; positioned for organizations and distributed teams managing initiatives at scale. ","No. Positioned as a general work management platform (projects, workflows, goals) for many functions, not a PM-only product.","Goal-to-work hierarchy (“projects and portfolios ladder to objectives”); resource/workload visibility; standardized intake via forms; rules + AI-assisted workflow automation; timeline & Gantt-style planning views. ","Asana is a cloud-based work management platform designed to help teams organize, track, and manage projects, tasks, and workflows. It centralizes communication and collaboration, allowing users to visualize work through lists, boards, and timelines to meet deadlines and achieve goals.","  • More of an all purpose platform
  • No specific focus on product management
  • More focused on general company workflows
  • ",No,"Admin & Security, Goals & Reporting, IT, Leaders, Marketing, Operations, Project Management, Resource Management, Workflow & Automations",https://asana.com/
ClickUp,"Solves “tool sprawl” by bundling tasks, docs, goals, and communication into one work hub; targets broad teams (and individuals) wanting one configurable workspace to execute and track goals. ",No. Positioned as a converged workspace for many roles; PM use is a subset rather than the core product identity. ,"Unified hierarchy (tasks → projects → goals) designed to scale; embedded docs + chat as a “single place” workflow; context-aware AI (“ClickUp Brain”) operating across tasks/docs/conversations; strong automation surface area at different hierarchy levels. ","ClickUp is a highly customizable, all-in-one project management and productivity platform designed to replace multiple apps by combining tasks, documents, chat, whiteboards, and goal tracking in one place. It enables teams to visualize workflows through lists, Kanban boards, and Gantt charts.",,No,"HR, IT, Marketing, Operations, Product Management, Project Management, Sales",https://clickup.com/
ProductBoard,"Solves scaling product decision-making: consolidate customer needs, prioritize what to build, and align stakeholders around a roadmap; targets product managers/leaders and cross-functional partners in larger orgs (“built for scale”).","Yes. Explicitly “purpose-built for product management,” emphasizing feature ideas linked to objectives/initiatives/goals and customer-centric prioritization. ","Roadmaps backed by persistent customer insights; AI feedback categorization + AI search that links insights to feature ideas; structured integrations/open APIs and delivery-tool sync (e.g., Atlassian Jira); ingestion of external review sources such as G2 for competitive analysis.","Productboard is a cloud-based, customer-centric product management platform designed to help teams understand user needs, prioritize what to build next, and align stakeholders on a shared product roadmap. It serves as a central repository for feedback, offering tools for prioritization (e.g., matrices), roadmapping, and AI-powered insights.","  • 100% Focused on Product Management/Product Managers
  • Product Roadmapping
  • Product Operations
  • Strategic Product Planning
  • Customer insights
  • Customer Engagement
  • Cross-Team Collaboration
  • GMT Alignment",No,Product Management,https://www.productboard.com/
DoveTail,"Solves turning qualitative feedback into actionable intelligence: centralize feedback, auto-classify into themes, and track trends/impact; targets teams doing research and VoC synthesis (product, UX, design, CX/CS, insights). ","No. Purpose-built around customer intelligence/research repository workflows rather than PM planning objects—used heavily by researchers/designers/insights teams, and then consumed by PMs for direction-setting. ","AI Channels that auto-classify raw feedback into themes (with added context to steer categorization); dashboards combining quant metrics (e.g., NPS/CSAT) with qualitative themes/sentiment; AI-generated summaries/reports/reels for “stakeholder-ready” storytelling; automated import and theme analysis of G2 reviews into channels.","Dovetail is an AI-native customer intelligence platform that centralizes, analyzes, and synthesizes qualitative customer feedback—such as interview recordings, support tickets, and surveys—into actionable insights. It uses AI for auto-transcription, sentiment analysis, tagging, and creating, summarizing, and sharing research reports.","  • Not specifically focused on Product Management
  • Mainly a tool for analysis of customer feedback but not an integrated management tool
",No,"AI Agents, AI Analysis, AI Chat and Search, AI Dashboards, AI Docs, API and Integrations",https://dovetail.com/
ProdPad,"Solves “product chaos” by unifying roadmaps, idea management, and feedback while keeping teams outcome-focused (incl. OKRs); targets product managers and product teams who want clarity and stakeholder-ready storytelling. ",Yes. Explicit PM positioning (strategy/roadmap/feedback/OKRs) and “product management should feel like…” framing aimed at PM workflows. ,"Now–Next–Later roadmap as a first-class shareable artifact; integrated OKR management tied into roadmap progress; AI CoPilot that writes/prioritizes/organizes and links feedback to ideas to close the loop; backlog/idea workflows with step-by-step guidance; visual prioritization via a “priority chart.” ",,,No,,https://www.prodpad.com/
ChatPRD,"Solves rapid creation and improvement of product docs: generate PRDs/requirements, get “expert coach” feedback, and integrate outputs into existing workflows; targets product managers and product orgs prioritizing doc quality and speed.","Yes. Explicitly marketed as an AI platform for product managers, including CPO-like review feedback and coaching while writing. ",“CPO-level” doc review + gap analysis + coaching as you write; integrations/connectors with issue tracking workflows (Linear) for improving specs directly where work happens; workflow integrations referenced across docs/resources and external partner listings; testimonial-driven proof plus an emerging review footprint (G2 listing exists but has 0 reviews).,,,No,Product Management,https://www.chatprd.ai/
Product Monkey,"Solves design-to-delivery handoff pain by converting wireframes/Figma screens into draft PRDs and engineering tickets (user stories, acceptance criteria, test/edge cases); targets PMs plus product/engineering teams that want faster spec + ticket creation.","Mostly yes. It explicitly references product requirements and PM productivity, but positioning is narrower than a full PM suite: focused on documentation/ticket generation rather than strategy/roadmap/feedback management.","Differentiators: image/Figma URL input, dual output (PRDs + tickets), customizable ticket sections, optional user-flow/additional-instruction prompts, and “generate from my titles”; privacy-forward claims (data not used for model training, deletion options), editable/shareable drafts, and low-cost usage-based tiers. Current workflow is copy/paste into Jira/Asana/Trello; Jira/Figma plugins are stated as in development.",,,No,,https://www.productmonkey.ai/dashboard